age_bin,variation,completed
<35,Control,0.6630383341221012
<35,Test,0.7113995183302114
35-55,Control,0.670035745100456
35-55,Test,0.6922179813401187
>55,Control,0.625452196382429
>55,Test,0.6674429436422916
