gendr,Control,Test
F,0.4269642198450756,0.460638127304794
M,0.39031040268456374,0.4184537754550369
