age_bin,Control,Test
<35,0.40422936152907685,0.44828169967834774
35-55,0.45475485357025336,0.47354310709750247
>55,0.3712305675220079,0.4014300306435138
