,step,Control,Test,Drop-off,Drop-off Test
0,start,99.45475847152126,99.05075704087236,,
1,step-1,85.54434030281183,90.10355377735938,13.910418168709427,8.947203263512975
2,step-2,79.15465032444125,82.53314505373814,6.389689978370583,7.570408723621242
3,step-3,73.9185291997116,77.31230877853612,5.2361211247296495,5.220836275202018
4,confirm,65.24873828406633,68.94955675845297,8.669790915645265,8.36275202008315
